docid	document_content
2820	"{""category_name"": ""Translation"", ""tool_name"": ""Bidirectional Text Language Translation"", ""api_name"": ""Detect Language"", ""api_description"": ""If you want to detect language only and not translate you can provide the text parameter and the detected language will be provided in the results"", ""required_parameters"": [{""name"": ""text"", ""type"": ""STRING"", ""description"": """", ""default"": ""I am fine thank you.""}], ""optional_parameters"": [], ""method"": ""GET"", ""template_response"": {""message"": ""str""}}"
2821	"{""category_name"": ""Translation"", ""tool_name"": ""Bidirectional Text Language Translation"", ""api_name"": ""Get Supported Languages"", ""api_description"": ""takes no inputs and provides an array of supported language with iso 2 code and name of language in english."", ""required_parameters"": [], ""optional_parameters"": [], ""method"": ""GET"", ""template_response"": {""message"": ""str""}}"
2822	"{""category_name"": ""Translation"", ""tool_name"": ""Webit Language"", ""api_name"": ""Dictionary Synonyms (TEMPORARILY UNAVAILABLE)"", ""api_description"": ""Dictionary Synonyms"", ""required_parameters"": [{""name"": ""language"", ""type"": ""STRING"", ""description"": """", ""default"": """"}, {""name"": ""q"", ""type"": ""STRING"", ""description"": """", ""default"": """"}], ""optional_parameters"": [], ""method"": ""GET"", ""template_response"": {""status"": ""str"", ""data"": {""input_text"": ""str"", ""languages"": ""empty list""}, ""message"": ""str""}}"
2823	"{""category_name"": ""Translation"", ""tool_name"": ""Webit Language"", ""api_name"": ""Dictionary Lookup (TEMPORARILY UNAVAILABLE)"", ""api_description"": ""Dictionary Lookup"", ""required_parameters"": [{""name"": ""q"", ""type"": ""STRING"", ""description"": """", ""default"": """"}], ""optional_parameters"": [], ""method"": ""GET""}"
2827	"{""category_name"": ""Translation"", ""tool_name"": ""Webit Language"", ""api_name"": ""Transliterate (Any to Latin)"", ""api_description"": ""Transliteration endpoint provides you with transliteration of text from any language to Latin. Transliterate \""\u3053\u3093\u306b\u3061\u306f\"" to \""kon'nichiha\"" with ease."", ""required_parameters"": [{""name"": ""text"", ""type"": ""STRING"", ""description"": ""Transliterate any text to Latin."", ""default"": ""\u3053\u3093\u306b\u3061\u306f\u3002""}], ""optional_parameters"": [], ""method"": ""GET"", ""template_response"": {""status"": ""str"", ""data"": {""text"": ""str"", ""transliteration"": ""str""}, ""message"": ""NoneType""}}"
2828	"{""category_name"": ""Translation"", ""tool_name"": ""Webit Language"", ""api_name"": ""Autocomplete"", ""api_description"": ""This endpoint provides autocomplete (word completion) for 80+ languages."", ""required_parameters"": [{""name"": ""q"", ""type"": ""STRING"", ""description"": """", ""default"": ""aw""}], ""optional_parameters"": [], ""method"": ""GET"", ""template_response"": {""status"": ""str"", ""data"": ""NoneType"", ""message"": ""str""}}"
2822	"{""category_name"": ""Translation"", ""tool_name"": ""Webit Language"", ""api_name"": ""Dictionary Synonyms (TEMPORARILY UNAVAILABLE)"", ""api_description"": ""Dictionary Synonyms"", ""required_parameters"": [{""name"": ""language"", ""type"": ""STRING"", ""description"": """", ""default"": """"}, {""name"": ""q"", ""type"": ""STRING"", ""description"": """", ""default"": """"}], ""optional_parameters"": [], ""method"": ""GET"", ""template_response"": {""status"": ""str"", ""data"": {""input_text"": ""str"", ""languages"": ""empty list""}, ""message"": ""str""}}"
2823	"{""category_name"": ""Translation"", ""tool_name"": ""Webit Language"", ""api_name"": ""Dictionary Lookup (TEMPORARILY UNAVAILABLE)"", ""api_description"": ""Dictionary Lookup"", ""required_parameters"": [{""name"": ""q"", ""type"": ""STRING"", ""description"": """", ""default"": """"}], ""optional_parameters"": [], ""method"": ""GET""}"
2824	"{""category_name"": ""Translation"", ""tool_name"": ""Webit Language"", ""api_name"": ""Dictionary Examples (TEMPORARILY UNAVAILABLE)"", ""api_description"": ""Dictionary Examples"", ""required_parameters"": [{""name"": ""q"", ""type"": ""STRING"", ""description"": """", ""default"": """"}, {""name"": ""language"", ""type"": ""STRING"", ""description"": """", ""default"": """"}], ""optional_parameters"": [], ""method"": ""GET"", ""template_response"": {""status"": ""str"", ""data"": {""input_text"": ""str"", ""languages"": ""empty list""}, ""message"": ""str""}}"
2825	"{""category_name"": ""Translation"", ""tool_name"": ""Webit Language"", ""api_name"": ""Dictionary Antonyms (TEMPORARILY UNAVAILABLE)"", ""api_description"": ""Dictionary Antonyms"", ""required_parameters"": [{""name"": ""language"", ""type"": ""STRING"", ""description"": """", ""default"": """"}, {""name"": ""q"", ""type"": ""STRING"", ""description"": """", ""default"": """"}], ""optional_parameters"": [], ""method"": ""GET"", ""template_response"": {""status"": ""str"", ""data"": {""input_text"": ""str"", ""languages"": ""empty list""}, ""message"": ""str""}}"
2826	"{""category_name"": ""Translation"", ""tool_name"": ""Webit Language"", ""api_name"": ""Bilingual Dictionary"", ""api_description"": ""Powerful multi-language bilingual neural translation dictionary, supporting 80+ languages."", ""required_parameters"": [{""name"": ""q"", ""type"": ""STRING"", ""description"": ""The word or comma separated words (up to 10 words per request) to seek bilingual translations for."", ""default"": ""merci, poisson, beaucoup""}, {""name"": ""from"", ""type"": ""STRING"", ""description"": ""Supported  ISO 639-1 language codes: 'ar', 'az', 'be', 'bg', 'ca', 'ce', 'cs', 'cy', 'da', 'de', 'el', 'en', 'eo', 'es', 'et', 'eu', 'fa', 'fi', 'fr', 'gl', 'he', 'hi', 'hr', 'hu', 'hy', 'id', 'it', 'ja', 'ka', 'kk', 'ko', 'la', 'lt', 'lv', 'mk', 'ms', 'nl', 'nn', 'no', 'pl', 'pt', 'ro', 'ru', 'sh', 'sk', 'sl', 'sr', 'sv', 'ta', 'tg', 'th', 'tr', 'tt', 'uk', 'ur', 'uz', 'vi', 'vo', 'zh'."", ""default"": ""fr""}, {""name"": ""to"", ""type"": ""STRING"", ""description"": ""Supported  ISO 639-1 language codes: 'ar', 'az', 'be', 'bg', 'ca', 'ce', 'cs', 'cy', 'da', 'de', 'el', 'en', 'eo', 'es', 'et', 'eu', 'fa', 'fi', 'fr', 'gl', 'he', 'hi', 'hr', 'hu', 'hy', 'id', 'it', 'ja', 'ka', 'kk', 'ko', 'la', 'lt', 'lv', 'mk', 'ms', 'nl', 'nn', 'no', 'pl', 'pt', 'ro', 'ru', 'sh', 'sk', 'sl', 'sr', 'sv', 'ta', 'tg', 'th', 'tr', 'tt', 'uk', 'ur', 'uz', 'vi', 'vo', 'zh'."", ""default"": ""en""}], ""optional_parameters"": [], ""method"": ""GET"", ""template_response"": {""status"": ""str"", ""data"": [{""term"": ""str"", ""translations"": [{""translation"": ""str"", ""confidence"": ""int"", ""is_reliable"": ""bool"", ""_list_length"": 1}], ""_list_length"": 3}], ""message"": ""NoneType""}}"
2827	"{""category_name"": ""Translation"", ""tool_name"": ""Webit Language"", ""api_name"": ""Transliterate (Any to Latin)"", ""api_description"": ""Transliteration endpoint provides you with transliteration of text from any language to Latin. Transliterate \""\u3053\u3093\u306b\u3061\u306f\"" to \""kon'nichiha\"" with ease."", ""required_parameters"": [{""name"": ""text"", ""type"": ""STRING"", ""description"": ""Transliterate any text to Latin."", ""default"": ""\u3053\u3093\u306b\u3061\u306f\u3002""}], ""optional_parameters"": [], ""method"": ""GET"", ""template_response"": {""status"": ""str"", ""data"": {""text"": ""str"", ""transliteration"": ""str""}, ""message"": ""NoneType""}}"
2828	"{""category_name"": ""Translation"", ""tool_name"": ""Webit Language"", ""api_name"": ""Autocomplete"", ""api_description"": ""This endpoint provides autocomplete (word completion) for 80+ languages."", ""required_parameters"": [{""name"": ""q"", ""type"": ""STRING"", ""description"": """", ""default"": ""aw""}], ""optional_parameters"": [], ""method"": ""GET"", ""template_response"": {""status"": ""str"", ""data"": ""NoneType"", ""message"": ""str""}}"
2829	"{""category_name"": ""Translation"", ""tool_name"": ""Translate_v3"", ""api_name"": ""Accurate Language Detection"", ""api_description"": ""This endpoint will return the Language of the Text"", ""required_parameters"": [{""name"": ""text"", ""type"": ""STRING"", ""description"": """", ""default"": ""this is accurate and it can improve if it's longer""}], ""optional_parameters"": [], ""method"": ""GET""}"
2830	"{""category_name"": ""Translation"", ""tool_name"": ""Translate_v3"", ""api_name"": ""Fast Language Detection"", ""api_description"": ""This endpoint will return the Language of the Text"", ""required_parameters"": [{""name"": ""text"", ""type"": ""STRING"", ""description"": """", ""default"": ""this is accurate and it can improve if it's longer""}], ""optional_parameters"": [], ""method"": ""GET""}"
2831	"{""category_name"": ""Translation"", ""tool_name"": ""Translate_v3"", ""api_name"": ""Translate"", ""api_description"": ""Return Translated Text and the source language if it wasn't specified"", ""required_parameters"": [{""name"": ""text"", ""type"": ""STRING"", ""description"": """", ""default"": ""this is accurate and it can improve if it's longer""}, {""name"": ""dest"", ""type"": ""STRING"", ""description"": """", ""default"": ""es""}], ""optional_parameters"": [{""name"": ""src"", ""type"": ""STRING"", ""description"": """", ""default"": ""auto""}], ""method"": ""GET""}"
2829	"{""category_name"": ""Translation"", ""tool_name"": ""Translate_v3"", ""api_name"": ""Accurate Language Detection"", ""api_description"": ""This endpoint will return the Language of the Text"", ""required_parameters"": [{""name"": ""text"", ""type"": ""STRING"", ""description"": """", ""default"": ""this is accurate and it can improve if it's longer""}], ""optional_parameters"": [], ""method"": ""GET""}"
2830	"{""category_name"": ""Translation"", ""tool_name"": ""Translate_v3"", ""api_name"": ""Fast Language Detection"", ""api_description"": ""This endpoint will return the Language of the Text"", ""required_parameters"": [{""name"": ""text"", ""type"": ""STRING"", ""description"": """", ""default"": ""this is accurate and it can improve if it's longer""}], ""optional_parameters"": [], ""method"": ""GET""}"
2831	"{""category_name"": ""Translation"", ""tool_name"": ""Translate_v3"", ""api_name"": ""Translate"", ""api_description"": ""Return Translated Text and the source language if it wasn't specified"", ""required_parameters"": [{""name"": ""text"", ""type"": ""STRING"", ""description"": """", ""default"": ""this is accurate and it can improve if it's longer""}, {""name"": ""dest"", ""type"": ""STRING"", ""description"": """", ""default"": ""es""}], ""optional_parameters"": [{""name"": ""src"", ""type"": ""STRING"", ""description"": """", ""default"": ""auto""}], ""method"": ""GET""}"
2829	"{""category_name"": ""Translation"", ""tool_name"": ""Translate_v3"", ""api_name"": ""Accurate Language Detection"", ""api_description"": ""This endpoint will return the Language of the Text"", ""required_parameters"": [{""name"": ""text"", ""type"": ""STRING"", ""description"": """", ""default"": ""this is accurate and it can improve if it's longer""}], ""optional_parameters"": [], ""method"": ""GET""}"
2830	"{""category_name"": ""Translation"", ""tool_name"": ""Translate_v3"", ""api_name"": ""Fast Language Detection"", ""api_description"": ""This endpoint will return the Language of the Text"", ""required_parameters"": [{""name"": ""text"", ""type"": ""STRING"", ""description"": """", ""default"": ""this is accurate and it can improve if it's longer""}], ""optional_parameters"": [], ""method"": ""GET""}"
2831	"{""category_name"": ""Translation"", ""tool_name"": ""Translate_v3"", ""api_name"": ""Translate"", ""api_description"": ""Return Translated Text and the source language if it wasn't specified"", ""required_parameters"": [{""name"": ""text"", ""type"": ""STRING"", ""description"": """", ""default"": ""this is accurate and it can improve if it's longer""}, {""name"": ""dest"", ""type"": ""STRING"", ""description"": """", ""default"": ""es""}], ""optional_parameters"": [{""name"": ""src"", ""type"": ""STRING"", ""description"": """", ""default"": ""auto""}], ""method"": ""GET""}"
2829	"{""category_name"": ""Translation"", ""tool_name"": ""Translate_v3"", ""api_name"": ""Accurate Language Detection"", ""api_description"": ""This endpoint will return the Language of the Text"", ""required_parameters"": [{""name"": ""text"", ""type"": ""STRING"", ""description"": """", ""default"": ""this is accurate and it can improve if it's longer""}], ""optional_parameters"": [], ""method"": ""GET""}"
2830	"{""category_name"": ""Translation"", ""tool_name"": ""Translate_v3"", ""api_name"": ""Fast Language Detection"", ""api_description"": ""This endpoint will return the Language of the Text"", ""required_parameters"": [{""name"": ""text"", ""type"": ""STRING"", ""description"": """", ""default"": ""this is accurate and it can improve if it's longer""}], ""optional_parameters"": [], ""method"": ""GET""}"
2831	"{""category_name"": ""Translation"", ""tool_name"": ""Translate_v3"", ""api_name"": ""Translate"", ""api_description"": ""Return Translated Text and the source language if it wasn't specified"", ""required_parameters"": [{""name"": ""text"", ""type"": ""STRING"", ""description"": """", ""default"": ""this is accurate and it can improve if it's longer""}, {""name"": ""dest"", ""type"": ""STRING"", ""description"": """", ""default"": ""es""}], ""optional_parameters"": [{""name"": ""src"", ""type"": ""STRING"", ""description"": """", ""default"": ""auto""}], ""method"": ""GET""}"
2829	"{""category_name"": ""Translation"", ""tool_name"": ""Translate_v3"", ""api_name"": ""Accurate Language Detection"", ""api_description"": ""This endpoint will return the Language of the Text"", ""required_parameters"": [{""name"": ""text"", ""type"": ""STRING"", ""description"": """", ""default"": ""this is accurate and it can improve if it's longer""}], ""optional_parameters"": [], ""method"": ""GET""}"
2830	"{""category_name"": ""Translation"", ""tool_name"": ""Translate_v3"", ""api_name"": ""Fast Language Detection"", ""api_description"": ""This endpoint will return the Language of the Text"", ""required_parameters"": [{""name"": ""text"", ""type"": ""STRING"", ""description"": """", ""default"": ""this is accurate and it can improve if it's longer""}], ""optional_parameters"": [], ""method"": ""GET""}"
2831	"{""category_name"": ""Translation"", ""tool_name"": ""Translate_v3"", ""api_name"": ""Translate"", ""api_description"": ""Return Translated Text and the source language if it wasn't specified"", ""required_parameters"": [{""name"": ""text"", ""type"": ""STRING"", ""description"": """", ""default"": ""this is accurate and it can improve if it's longer""}, {""name"": ""dest"", ""type"": ""STRING"", ""description"": """", ""default"": ""es""}], ""optional_parameters"": [{""name"": ""src"", ""type"": ""STRING"", ""description"": """", ""default"": ""auto""}], ""method"": ""GET""}"
2829	"{""category_name"": ""Translation"", ""tool_name"": ""Translate_v3"", ""api_name"": ""Accurate Language Detection"", ""api_description"": ""This endpoint will return the Language of the Text"", ""required_parameters"": [{""name"": ""text"", ""type"": ""STRING"", ""description"": """", ""default"": ""this is accurate and it can improve if it's longer""}], ""optional_parameters"": [], ""method"": ""GET""}"
2830	"{""category_name"": ""Translation"", ""tool_name"": ""Translate_v3"", ""api_name"": ""Fast Language Detection"", ""api_description"": ""This endpoint will return the Language of the Text"", ""required_parameters"": [{""name"": ""text"", ""type"": ""STRING"", ""description"": """", ""default"": ""this is accurate and it can improve if it's longer""}], ""optional_parameters"": [], ""method"": ""GET""}"
2831	"{""category_name"": ""Translation"", ""tool_name"": ""Translate_v3"", ""api_name"": ""Translate"", ""api_description"": ""Return Translated Text and the source language if it wasn't specified"", ""required_parameters"": [{""name"": ""text"", ""type"": ""STRING"", ""description"": """", ""default"": ""this is accurate and it can improve if it's longer""}, {""name"": ""dest"", ""type"": ""STRING"", ""description"": """", ""default"": ""es""}], ""optional_parameters"": [{""name"": ""src"", ""type"": ""STRING"", ""description"": """", ""default"": ""auto""}], ""method"": ""GET""}"
2829	"{""category_name"": ""Translation"", ""tool_name"": ""Translate_v3"", ""api_name"": ""Accurate Language Detection"", ""api_description"": ""This endpoint will return the Language of the Text"", ""required_parameters"": [{""name"": ""text"", ""type"": ""STRING"", ""description"": """", ""default"": ""this is accurate and it can improve if it's longer""}], ""optional_parameters"": [], ""method"": ""GET""}"
2830	"{""category_name"": ""Translation"", ""tool_name"": ""Translate_v3"", ""api_name"": ""Fast Language Detection"", ""api_description"": ""This endpoint will return the Language of the Text"", ""required_parameters"": [{""name"": ""text"", ""type"": ""STRING"", ""description"": """", ""default"": ""this is accurate and it can improve if it's longer""}], ""optional_parameters"": [], ""method"": ""GET""}"
2831	"{""category_name"": ""Translation"", ""tool_name"": ""Translate_v3"", ""api_name"": ""Translate"", ""api_description"": ""Return Translated Text and the source language if it wasn't specified"", ""required_parameters"": [{""name"": ""text"", ""type"": ""STRING"", ""description"": """", ""default"": ""this is accurate and it can improve if it's longer""}, {""name"": ""dest"", ""type"": ""STRING"", ""description"": """", ""default"": ""es""}], ""optional_parameters"": [{""name"": ""src"", ""type"": ""STRING"", ""description"": """", ""default"": ""auto""}], ""method"": ""GET""}"
2829	"{""category_name"": ""Translation"", ""tool_name"": ""Translate_v3"", ""api_name"": ""Accurate Language Detection"", ""api_description"": ""This endpoint will return the Language of the Text"", ""required_parameters"": [{""name"": ""text"", ""type"": ""STRING"", ""description"": """", ""default"": ""this is accurate and it can improve if it's longer""}], ""optional_parameters"": [], ""method"": ""GET""}"
2830	"{""category_name"": ""Translation"", ""tool_name"": ""Translate_v3"", ""api_name"": ""Fast Language Detection"", ""api_description"": ""This endpoint will return the Language of the Text"", ""required_parameters"": [{""name"": ""text"", ""type"": ""STRING"", ""description"": """", ""default"": ""this is accurate and it can improve if it's longer""}], ""optional_parameters"": [], ""method"": ""GET""}"
2831	"{""category_name"": ""Translation"", ""tool_name"": ""Translate_v3"", ""api_name"": ""Translate"", ""api_description"": ""Return Translated Text and the source language if it wasn't specified"", ""required_parameters"": [{""name"": ""text"", ""type"": ""STRING"", ""description"": """", ""default"": ""this is accurate and it can improve if it's longer""}, {""name"": ""dest"", ""type"": ""STRING"", ""description"": """", ""default"": ""es""}], ""optional_parameters"": [{""name"": ""src"", ""type"": ""STRING"", ""description"": """", ""default"": ""auto""}], ""method"": ""GET""}"
2829	"{""category_name"": ""Translation"", ""tool_name"": ""Translate_v3"", ""api_name"": ""Accurate Language Detection"", ""api_description"": ""This endpoint will return the Language of the Text"", ""required_parameters"": [{""name"": ""text"", ""type"": ""STRING"", ""description"": """", ""default"": ""this is accurate and it can improve if it's longer""}], ""optional_parameters"": [], ""method"": ""GET""}"
2830	"{""category_name"": ""Translation"", ""tool_name"": ""Translate_v3"", ""api_name"": ""Fast Language Detection"", ""api_description"": ""This endpoint will return the Language of the Text"", ""required_parameters"": [{""name"": ""text"", ""type"": ""STRING"", ""description"": """", ""default"": ""this is accurate and it can improve if it's longer""}], ""optional_parameters"": [], ""method"": ""GET""}"
2831	"{""category_name"": ""Translation"", ""tool_name"": ""Translate_v3"", ""api_name"": ""Translate"", ""api_description"": ""Return Translated Text and the source language if it wasn't specified"", ""required_parameters"": [{""name"": ""text"", ""type"": ""STRING"", ""description"": """", ""default"": ""this is accurate and it can improve if it's longer""}, {""name"": ""dest"", ""type"": ""STRING"", ""description"": """", ""default"": ""es""}], ""optional_parameters"": [{""name"": ""src"", ""type"": ""STRING"", ""description"": """", ""default"": ""auto""}], ""method"": ""GET""}"
2829	"{""category_name"": ""Translation"", ""tool_name"": ""Translate_v3"", ""api_name"": ""Accurate Language Detection"", ""api_description"": ""This endpoint will return the Language of the Text"", ""required_parameters"": [{""name"": ""text"", ""type"": ""STRING"", ""description"": """", ""default"": ""this is accurate and it can improve if it's longer""}], ""optional_parameters"": [], ""method"": ""GET""}"
2830	"{""category_name"": ""Translation"", ""tool_name"": ""Translate_v3"", ""api_name"": ""Fast Language Detection"", ""api_description"": ""This endpoint will return the Language of the Text"", ""required_parameters"": [{""name"": ""text"", ""type"": ""STRING"", ""description"": """", ""default"": ""this is accurate and it can improve if it's longer""}], ""optional_parameters"": [], ""method"": ""GET""}"
2831	"{""category_name"": ""Translation"", ""tool_name"": ""Translate_v3"", ""api_name"": ""Translate"", ""api_description"": ""Return Translated Text and the source language if it wasn't specified"", ""required_parameters"": [{""name"": ""text"", ""type"": ""STRING"", ""description"": """", ""default"": ""this is accurate and it can improve if it's longer""}, {""name"": ""dest"", ""type"": ""STRING"", ""description"": """", ""default"": ""es""}], ""optional_parameters"": [{""name"": ""src"", ""type"": ""STRING"", ""description"": """", ""default"": ""auto""}], ""method"": ""GET""}"
2832	"{""category_name"": ""Translation"", ""tool_name"": ""Anime Voice Waifu Ai Api"", ""api_name"": ""Get Speaker List"", ""api_description"": ""Get Speaker List"", ""required_parameters"": [], ""optional_parameters"": [], ""method"": ""GET"", ""template_response"": {""speaker"": ""int""}}"
2833	"{""category_name"": ""Translation"", ""tool_name"": ""Anime Voice Waifu Ai Api"", ""api_name"": ""Get Voice"", ""api_description"": ""Get Voice"", ""required_parameters"": [{""name"": ""text"", ""type"": ""STRING"", ""description"": """", ""default"": """"}], ""optional_parameters"": [{""name"": ""speaker"", ""type"": ""STRING"", ""description"": """", ""default"": """"}], ""method"": ""GET"", ""template_response"": {""messages"": ""str"", ""info"": ""str""}}"
2832	"{""category_name"": ""Translation"", ""tool_name"": ""Anime Voice Waifu Ai Api"", ""api_name"": ""Get Speaker List"", ""api_description"": ""Get Speaker List"", ""required_parameters"": [], ""optional_parameters"": [], ""method"": ""GET"", ""template_response"": {""speaker"": ""int""}}"
2833	"{""category_name"": ""Translation"", ""tool_name"": ""Anime Voice Waifu Ai Api"", ""api_name"": ""Get Voice"", ""api_description"": ""Get Voice"", ""required_parameters"": [{""name"": ""text"", ""type"": ""STRING"", ""description"": """", ""default"": """"}], ""optional_parameters"": [{""name"": ""speaker"", ""type"": ""STRING"", ""description"": """", ""default"": """"}], ""method"": ""GET"", ""template_response"": {""messages"": ""str"", ""info"": ""str""}}"
2838	"{""category_name"": ""Translation"", ""tool_name"": ""Nitro"", ""api_name"": ""Account"", ""api_description"": ""This endpoint retrieves an account."", ""required_parameters"": [], ""optional_parameters"": [], ""method"": ""GET""}"
2839	"{""category_name"": ""Translation"", ""tool_name"": ""Nitro"", ""api_name"": ""Get All Orders"", ""api_description"": ""This endpoint retrieves all account orders."", ""required_parameters"": [], ""optional_parameters"": [], ""method"": ""GET""}"
2840	"{""category_name"": ""Translation"", ""tool_name"": ""Nitro"", ""api_name"": ""Rates"", ""api_description"": ""This endpoint retrieves all rates."", ""required_parameters"": [], ""optional_parameters"": [], ""method"": ""GET"", ""template_response"": {""source_language"": ""str"", ""target_language"": ""str"", ""rate"": ""float""}}"
2837	"{""category_name"": ""Translation"", ""tool_name"": ""Nitro"", ""api_name"": ""Get a Specific Order"", ""api_description"": ""This endpoint retrieves a specific order."", ""required_parameters"": [{""name"": ""id"", ""type"": ""string"", ""description"": """", ""default"": """"}], ""optional_parameters"": [], ""method"": ""GET""}"
2838	"{""category_name"": ""Translation"", ""tool_name"": ""Nitro"", ""api_name"": ""Account"", ""api_description"": ""This endpoint retrieves an account."", ""required_parameters"": [], ""optional_parameters"": [], ""method"": ""GET""}"
2839	"{""category_name"": ""Translation"", ""tool_name"": ""Nitro"", ""api_name"": ""Get All Orders"", ""api_description"": ""This endpoint retrieves all account orders."", ""required_parameters"": [], ""optional_parameters"": [], ""method"": ""GET""}"
2840	"{""category_name"": ""Translation"", ""tool_name"": ""Nitro"", ""api_name"": ""Rates"", ""api_description"": ""This endpoint retrieves all rates."", ""required_parameters"": [], ""optional_parameters"": [], ""method"": ""GET"", ""template_response"": {""source_language"": ""str"", ""target_language"": ""str"", ""rate"": ""float""}}"
2837	"{""category_name"": ""Translation"", ""tool_name"": ""Nitro"", ""api_name"": ""Get a Specific Order"", ""api_description"": ""This endpoint retrieves a specific order."", ""required_parameters"": [{""name"": ""id"", ""type"": ""string"", ""description"": """", ""default"": """"}], ""optional_parameters"": [], ""method"": ""GET""}"
2838	"{""category_name"": ""Translation"", ""tool_name"": ""Nitro"", ""api_name"": ""Account"", ""api_description"": ""This endpoint retrieves an account."", ""required_parameters"": [], ""optional_parameters"": [], ""method"": ""GET""}"
2839	"{""category_name"": ""Translation"", ""tool_name"": ""Nitro"", ""api_name"": ""Get All Orders"", ""api_description"": ""This endpoint retrieves all account orders."", ""required_parameters"": [], ""optional_parameters"": [], ""method"": ""GET""}"
2840	"{""category_name"": ""Translation"", ""tool_name"": ""Nitro"", ""api_name"": ""Rates"", ""api_description"": ""This endpoint retrieves all rates."", ""required_parameters"": [], ""optional_parameters"": [], ""method"": ""GET"", ""template_response"": {""source_language"": ""str"", ""target_language"": ""str"", ""rate"": ""float""}}"
2837	"{""category_name"": ""Translation"", ""tool_name"": ""Nitro"", ""api_name"": ""Get a Specific Order"", ""api_description"": ""This endpoint retrieves a specific order."", ""required_parameters"": [{""name"": ""id"", ""type"": ""string"", ""description"": """", ""default"": """"}], ""optional_parameters"": [], ""method"": ""GET""}"
2838	"{""category_name"": ""Translation"", ""tool_name"": ""Nitro"", ""api_name"": ""Account"", ""api_description"": ""This endpoint retrieves an account."", ""required_parameters"": [], ""optional_parameters"": [], ""method"": ""GET""}"
2839	"{""category_name"": ""Translation"", ""tool_name"": ""Nitro"", ""api_name"": ""Get All Orders"", ""api_description"": ""This endpoint retrieves all account orders."", ""required_parameters"": [], ""optional_parameters"": [], ""method"": ""GET""}"
2840	"{""category_name"": ""Translation"", ""tool_name"": ""Nitro"", ""api_name"": ""Rates"", ""api_description"": ""This endpoint retrieves all rates."", ""required_parameters"": [], ""optional_parameters"": [], ""method"": ""GET"", ""template_response"": {""source_language"": ""str"", ""target_language"": ""str"", ""rate"": ""float""}}"
2837	"{""category_name"": ""Translation"", ""tool_name"": ""Nitro"", ""api_name"": ""Get a Specific Order"", ""api_description"": ""This endpoint retrieves a specific order."", ""required_parameters"": [{""name"": ""id"", ""type"": ""string"", ""description"": """", ""default"": """"}], ""optional_parameters"": [], ""method"": ""GET""}"
2838	"{""category_name"": ""Translation"", ""tool_name"": ""Nitro"", ""api_name"": ""Account"", ""api_description"": ""This endpoint retrieves an account."", ""required_parameters"": [], ""optional_parameters"": [], ""method"": ""GET""}"
2839	"{""category_name"": ""Translation"", ""tool_name"": ""Nitro"", ""api_name"": ""Get All Orders"", ""api_description"": ""This endpoint retrieves all account orders."", ""required_parameters"": [], ""optional_parameters"": [], ""method"": ""GET""}"
2840	"{""category_name"": ""Translation"", ""tool_name"": ""Nitro"", ""api_name"": ""Rates"", ""api_description"": ""This endpoint retrieves all rates."", ""required_parameters"": [], ""optional_parameters"": [], ""method"": ""GET"", ""template_response"": {""source_language"": ""str"", ""target_language"": ""str"", ""rate"": ""float""}}"
9718	"{""category_name"": ""Weather"", ""tool_name"": ""Test"", ""api_name"": ""aaaaaa"", ""api_description"": ""aaa"", ""required_parameters"": [], ""optional_parameters"": [{""name"": ""id"", ""type"": ""STRING"", ""description"": """", ""default"": ""1""}], ""method"": ""GET""}"
9719	"{""category_name"": ""Weather"", ""tool_name"": ""Weather API - By Any City"", ""api_name"": ""Get Weather Updates"", ""api_description"": ""This endpoint get all necessary weather information"", ""required_parameters"": [{""name"": ""city"", ""type"": ""string"", ""description"": """", ""default"": ""London""}], ""optional_parameters"": [], ""method"": ""GET"", ""template_response"": {""location"": {""name"": ""str"", ""region"": ""str"", ""country"": ""str"", ""lat"": ""float"", ""lon"": ""float"", ""tz_id"": ""str"", ""localtime_epoch"": ""int"", ""localtime"": ""str""}, ""current"": {""last_updated_epoch"": ""int"", ""last_updated"": ""str"", ""temp_c"": ""int"", ""temp_f"": ""int"", ""is_day"": ""int"", ""condition"": {""text"": ""str"", ""icon"": ""str"", ""code"": ""int""}, ""wind_mph"": ""float"", ""wind_kph"": ""float"", ""wind_degree"": ""int"", ""wind_dir"": ""str"", ""pressure_mb"": ""int"", ""pressure_in"": ""float"", ""precip_mm"": ""int"", ""precip_in"": ""int"", ""humidity"": ""int"", ""cloud"": ""int"", ""feelslike_c"": ""float"", ""feelslike_f"": ""float"", ""vis_km"": ""int"", ""vis_miles"": ""int"", ""uv"": ""int"", ""gust_mph"": ""float"", ""gust_kph"": ""float""}}}"
9719	"{""category_name"": ""Weather"", ""tool_name"": ""Weather API - By Any City"", ""api_name"": ""Get Weather Updates"", ""api_description"": ""This endpoint get all necessary weather information"", ""required_parameters"": [{""name"": ""city"", ""type"": ""string"", ""description"": """", ""default"": ""London""}], ""optional_parameters"": [], ""method"": ""GET"", ""template_response"": {""location"": {""name"": ""str"", ""region"": ""str"", ""country"": ""str"", ""lat"": ""float"", ""lon"": ""float"", ""tz_id"": ""str"", ""localtime_epoch"": ""int"", ""localtime"": ""str""}, ""current"": {""last_updated_epoch"": ""int"", ""last_updated"": ""str"", ""temp_c"": ""int"", ""temp_f"": ""int"", ""is_day"": ""int"", ""condition"": {""text"": ""str"", ""icon"": ""str"", ""code"": ""int""}, ""wind_mph"": ""float"", ""wind_kph"": ""float"", ""wind_degree"": ""int"", ""wind_dir"": ""str"", ""pressure_mb"": ""int"", ""pressure_in"": ""float"", ""precip_mm"": ""int"", ""precip_in"": ""int"", ""humidity"": ""int"", ""cloud"": ""int"", ""feelslike_c"": ""float"", ""feelslike_f"": ""float"", ""vis_km"": ""int"", ""vis_miles"": ""int"", ""uv"": ""int"", ""gust_mph"": ""float"", ""gust_kph"": ""float""}}}"
9719	"{""category_name"": ""Weather"", ""tool_name"": ""Weather API - By Any City"", ""api_name"": ""Get Weather Updates"", ""api_description"": ""This endpoint get all necessary weather information"", ""required_parameters"": [{""name"": ""city"", ""type"": ""string"", ""description"": """", ""default"": ""London""}], ""optional_parameters"": [], ""method"": ""GET"", ""template_response"": {""location"": {""name"": ""str"", ""region"": ""str"", ""country"": ""str"", ""lat"": ""float"", ""lon"": ""float"", ""tz_id"": ""str"", ""localtime_epoch"": ""int"", ""localtime"": ""str""}, ""current"": {""last_updated_epoch"": ""int"", ""last_updated"": ""str"", ""temp_c"": ""int"", ""temp_f"": ""int"", ""is_day"": ""int"", ""condition"": {""text"": ""str"", ""icon"": ""str"", ""code"": ""int""}, ""wind_mph"": ""float"", ""wind_kph"": ""float"", ""wind_degree"": ""int"", ""wind_dir"": ""str"", ""pressure_mb"": ""int"", ""pressure_in"": ""float"", ""precip_mm"": ""int"", ""precip_in"": ""int"", ""humidity"": ""int"", ""cloud"": ""int"", ""feelslike_c"": ""float"", ""feelslike_f"": ""float"", ""vis_km"": ""int"", ""vis_miles"": ""int"", ""uv"": ""int"", ""gust_mph"": ""float"", ""gust_kph"": ""float""}}}"
9720	"{""category_name"": ""Weather"", ""tool_name"": ""CurrencyConverter"", ""api_name"": ""weather"", ""api_description"": ""aaaaaaaa"", ""required_parameters"": [], ""optional_parameters"": [], ""method"": ""GET""}"
9720	"{""category_name"": ""Weather"", ""tool_name"": ""CurrencyConverter"", ""api_name"": ""weather"", ""api_description"": ""aaaaaaaa"", ""required_parameters"": [], ""optional_parameters"": [], ""method"": ""GET""}"
9720	"{""category_name"": ""Weather"", ""tool_name"": ""CurrencyConverter"", ""api_name"": ""weather"", ""api_description"": ""aaaaaaaa"", ""required_parameters"": [], ""optional_parameters"": [], ""method"": ""GET""}"
9721	"{""category_name"": ""Weather"", ""tool_name"": ""Open Weather Map"", ""api_name"": ""current weather data"", ""api_description"": ""current weather data"", ""required_parameters"": [], ""optional_parameters"": [], ""method"": ""GET"", ""template_response"": {""message"": ""str""}}"
9721	"{""category_name"": ""Weather"", ""tool_name"": ""Open Weather Map"", ""api_name"": ""current weather data"", ""api_description"": ""current weather data"", ""required_parameters"": [], ""optional_parameters"": [], ""method"": ""GET"", ""template_response"": {""message"": ""str""}}"
9721	"{""category_name"": ""Weather"", ""tool_name"": ""Open Weather Map"", ""api_name"": ""current weather data"", ""api_description"": ""current weather data"", ""required_parameters"": [], ""optional_parameters"": [], ""method"": ""GET"", ""template_response"": {""message"": ""str""}}"
9722	"{""category_name"": ""Weather"", ""tool_name"": ""The Weather API"", ""api_name"": ""weather report"", ""api_description"": ""Gives weather report of a particular city."", ""required_parameters"": [{""name"": ""cityName"", ""type"": ""string"", ""description"": """", ""default"": ""mumbai""}], ""optional_parameters"": [], ""method"": ""GET"", ""template_response"": {""message"": ""str""}}"
9722	"{""category_name"": ""Weather"", ""tool_name"": ""The Weather API"", ""api_name"": ""weather report"", ""api_description"": ""Gives weather report of a particular city."", ""required_parameters"": [{""name"": ""cityName"", ""type"": ""string"", ""description"": """", ""default"": ""mumbai""}], ""optional_parameters"": [], ""method"": ""GET"", ""template_response"": {""message"": ""str""}}"
9722	"{""category_name"": ""Weather"", ""tool_name"": ""The Weather API"", ""api_name"": ""weather report"", ""api_description"": ""Gives weather report of a particular city."", ""required_parameters"": [{""name"": ""cityName"", ""type"": ""string"", ""description"": """", ""default"": ""mumbai""}], ""optional_parameters"": [], ""method"": ""GET"", ""template_response"": {""message"": ""str""}}"
9723	"{""category_name"": ""Weather"", ""tool_name"": ""Monitoring Syatem"", ""api_name"": ""Weather"", ""api_description"": ""Weather details Monitoring and Update in mobile"", ""required_parameters"": [], ""optional_parameters"": [{""name"": ""data"", ""type"": ""STRING"", ""description"": ""Weather Details Monitoring"", ""default"": ""1""}], ""method"": ""GET"", ""template_response"": {""weather_id"": ""str"", ""date"": ""str"", ""temperature"": ""str"", ""humidity"": ""str"", ""pollen"": ""str"", ""air"": ""str"", ""so"": ""str"", ""no"": ""str"", ""type"": ""str""}}"
9723	"{""category_name"": ""Weather"", ""tool_name"": ""Monitoring Syatem"", ""api_name"": ""Weather"", ""api_description"": ""Weather details Monitoring and Update in mobile"", ""required_parameters"": [], ""optional_parameters"": [{""name"": ""data"", ""type"": ""STRING"", ""description"": ""Weather Details Monitoring"", ""default"": ""1""}], ""method"": ""GET"", ""template_response"": {""weather_id"": ""str"", ""date"": ""str"", ""temperature"": ""str"", ""humidity"": ""str"", ""pollen"": ""str"", ""air"": ""str"", ""so"": ""str"", ""no"": ""str"", ""type"": ""str""}}"
9723	"{""category_name"": ""Weather"", ""tool_name"": ""Monitoring Syatem"", ""api_name"": ""Weather"", ""api_description"": ""Weather details Monitoring and Update in mobile"", ""required_parameters"": [], ""optional_parameters"": [{""name"": ""data"", ""type"": ""STRING"", ""description"": ""Weather Details Monitoring"", ""default"": ""1""}], ""method"": ""GET"", ""template_response"": {""weather_id"": ""str"", ""date"": ""str"", ""temperature"": ""str"", ""humidity"": ""str"", ""pollen"": ""str"", ""air"": ""str"", ""so"": ""str"", ""no"": ""str"", ""type"": ""str""}}"
9724	"{""category_name"": ""Weather"", ""tool_name"": ""havo"", ""api_name"": ""weatherendpoin"", ""api_description"": ""ob havo"", ""required_parameters"": [], ""optional_parameters"": [], ""method"": ""GET""}"
9724	"{""category_name"": ""Weather"", ""tool_name"": ""havo"", ""api_name"": ""weatherendpoin"", ""api_description"": ""ob havo"", ""required_parameters"": [], ""optional_parameters"": [], ""method"": ""GET""}"
9724	"{""category_name"": ""Weather"", ""tool_name"": ""havo"", ""api_name"": ""weatherendpoin"", ""api_description"": ""ob havo"", ""required_parameters"": [], ""optional_parameters"": [], ""method"": ""GET""}"
9725	"{""category_name"": ""Weather"", ""tool_name"": ""Weather by API-Ninjas"", ""api_name"": ""/v1/weather"", ""api_description"": ""API Ninjas Weather API endpoint."", ""required_parameters"": [], ""optional_parameters"": [{""name"": ""country"", ""type"": ""STRING"", ""description"": ""Country name."", ""default"": """"}, {""name"": ""lon"", ""type"": ""STRING"", ""description"": ""Longitude of desired location. If used, **lat** parameter must also be supplied."", ""default"": """"}, {""name"": ""zip"", ""type"": ""NUMBER"", ""description"": ""5-digit Zip code (United States only)."", ""default"": """"}, {""name"": ""state"", ""type"": ""STRING"", ""description"": ""US state (United States only)."", ""default"": """"}, {""name"": ""city"", ""type"": ""STRING"", ""description"": ""City name."", ""default"": ""Seattle""}, {""name"": ""lat"", ""type"": ""NUMBER"", ""description"": ""Latitude of desired location. If used, **lon** parameter must also be supplied."", ""default"": """"}], ""method"": ""GET"", ""template_response"": {""cloud_pct"": ""int"", ""temp"": ""int"", ""feels_like"": ""int"", ""humidity"": ""int"", ""min_temp"": ""int"", ""max_temp"": ""int"", ""wind_speed"": ""float"", ""wind_degrees"": ""int"", ""sunrise"": ""int"", ""sunset"": ""int""}}"
9725	"{""category_name"": ""Weather"", ""tool_name"": ""Weather by API-Ninjas"", ""api_name"": ""/v1/weather"", ""api_description"": ""API Ninjas Weather API endpoint."", ""required_parameters"": [], ""optional_parameters"": [{""name"": ""country"", ""type"": ""STRING"", ""description"": ""Country name."", ""default"": """"}, {""name"": ""lon"", ""type"": ""STRING"", ""description"": ""Longitude of desired location. If used, **lat** parameter must also be supplied."", ""default"": """"}, {""name"": ""zip"", ""type"": ""NUMBER"", ""description"": ""5-digit Zip code (United States only)."", ""default"": """"}, {""name"": ""state"", ""type"": ""STRING"", ""description"": ""US state (United States only)."", ""default"": """"}, {""name"": ""city"", ""type"": ""STRING"", ""description"": ""City name."", ""default"": ""Seattle""}, {""name"": ""lat"", ""type"": ""NUMBER"", ""description"": ""Latitude of desired location. If used, **lon** parameter must also be supplied."", ""default"": """"}], ""method"": ""GET"", ""template_response"": {""cloud_pct"": ""int"", ""temp"": ""int"", ""feels_like"": ""int"", ""humidity"": ""int"", ""min_temp"": ""int"", ""max_temp"": ""int"", ""wind_speed"": ""float"", ""wind_degrees"": ""int"", ""sunrise"": ""int"", ""sunset"": ""int""}}"
9725	"{""category_name"": ""Weather"", ""tool_name"": ""Weather by API-Ninjas"", ""api_name"": ""/v1/weather"", ""api_description"": ""API Ninjas Weather API endpoint."", ""required_parameters"": [], ""optional_parameters"": [{""name"": ""country"", ""type"": ""STRING"", ""description"": ""Country name."", ""default"": """"}, {""name"": ""lon"", ""type"": ""STRING"", ""description"": ""Longitude of desired location. If used, **lat** parameter must also be supplied."", ""default"": """"}, {""name"": ""zip"", ""type"": ""NUMBER"", ""description"": ""5-digit Zip code (United States only)."", ""default"": """"}, {""name"": ""state"", ""type"": ""STRING"", ""description"": ""US state (United States only)."", ""default"": """"}, {""name"": ""city"", ""type"": ""STRING"", ""description"": ""City name."", ""default"": ""Seattle""}, {""name"": ""lat"", ""type"": ""NUMBER"", ""description"": ""Latitude of desired location. If used, **lon** parameter must also be supplied."", ""default"": """"}], ""method"": ""GET"", ""template_response"": {""cloud_pct"": ""int"", ""temp"": ""int"", ""feels_like"": ""int"", ""humidity"": ""int"", ""min_temp"": ""int"", ""max_temp"": ""int"", ""wind_speed"": ""float"", ""wind_degrees"": ""int"", ""sunrise"": ""int"", ""sunset"": ""int""}}"
9727	"{""category_name"": ""Weather"", ""tool_name"": ""Sun Seeker API"", ""api_name"": ""sunposition"", ""api_description"": ""Parameters:\nlat (float): The latitude of the location for which you want to get the solar position. The value should be between -90 and 90 degrees.\nlon (float): The longitude of the location for which you want to get the solar position. The value should be between -180 and 180 degrees."", ""required_parameters"": [{""name"": ""lat"", ""type"": ""STRING"", ""description"": """", ""default"": ""37.788022""}, {""name"": ""lon"", ""type"": ""STRING"", ""description"": """", ""default"": ""-122.399797""}], ""optional_parameters"": [], ""method"": ""GET"", ""template_response"": {""azimuth"": ""float"", ""elevation"": ""float""}}"
9727	"{""category_name"": ""Weather"", ""tool_name"": ""Sun Seeker API"", ""api_name"": ""sunposition"", ""api_description"": ""Parameters:\nlat (float): The latitude of the location for which you want to get the solar position. The value should be between -90 and 90 degrees.\nlon (float): The longitude of the location for which you want to get the solar position. The value should be between -180 and 180 degrees."", ""required_parameters"": [{""name"": ""lat"", ""type"": ""STRING"", ""description"": """", ""default"": ""37.788022""}, {""name"": ""lon"", ""type"": ""STRING"", ""description"": """", ""default"": ""-122.399797""}], ""optional_parameters"": [], ""method"": ""GET"", ""template_response"": {""azimuth"": ""float"", ""elevation"": ""float""}}"
9727	"{""category_name"": ""Weather"", ""tool_name"": ""Sun Seeker API"", ""api_name"": ""sunposition"", ""api_description"": ""Parameters:\nlat (float): The latitude of the location for which you want to get the solar position. The value should be between -90 and 90 degrees.\nlon (float): The longitude of the location for which you want to get the solar position. The value should be between -180 and 180 degrees."", ""required_parameters"": [{""name"": ""lat"", ""type"": ""STRING"", ""description"": """", ""default"": ""37.788022""}, {""name"": ""lon"", ""type"": ""STRING"", ""description"": """", ""default"": ""-122.399797""}], ""optional_parameters"": [], ""method"": ""GET"", ""template_response"": {""azimuth"": ""float"", ""elevation"": ""float""}}"
9728	"{""category_name"": ""Weather"", ""tool_name"": ""Qwiper Weather"", ""api_name"": ""M\u00e9t\u00e9o d'aujourd'hui - Niamey, Niger"", ""api_description"": ""Obtenez la temp\u00e9rature, les conditions du ciel, les vents, l'humidit\u00e9, etc. pour la ville de Niamey."", ""required_parameters"": [], ""optional_parameters"": [], ""method"": ""GET"", ""template_response"": {""message"": ""str""}}"
9728	"{""category_name"": ""Weather"", ""tool_name"": ""Qwiper Weather"", ""api_name"": ""M\u00e9t\u00e9o d'aujourd'hui - Niamey, Niger"", ""api_description"": ""Obtenez la temp\u00e9rature, les conditions du ciel, les vents, l'humidit\u00e9, etc. pour la ville de Niamey."", ""required_parameters"": [], ""optional_parameters"": [], ""method"": ""GET"", ""template_response"": {""message"": ""str""}}"
9728	"{""category_name"": ""Weather"", ""tool_name"": ""Qwiper Weather"", ""api_name"": ""M\u00e9t\u00e9o d'aujourd'hui - Niamey, Niger"", ""api_description"": ""Obtenez la temp\u00e9rature, les conditions du ciel, les vents, l'humidit\u00e9, etc. pour la ville de Niamey."", ""required_parameters"": [], ""optional_parameters"": [], ""method"": ""GET"", ""template_response"": {""message"": ""str""}}"
9729	"{""category_name"": ""Weather"", ""tool_name"": ""Test_v2"", ""api_name"": ""Rest"", ""api_description"": ""rest endpoint"", ""required_parameters"": [], ""optional_parameters"": [], ""method"": ""GET""}"
9729	"{""category_name"": ""Weather"", ""tool_name"": ""Test_v2"", ""api_name"": ""Rest"", ""api_description"": ""rest endpoint"", ""required_parameters"": [], ""optional_parameters"": [], ""method"": ""GET""}"
9729	"{""category_name"": ""Weather"", ""tool_name"": ""Test_v2"", ""api_name"": ""Rest"", ""api_description"": ""rest endpoint"", ""required_parameters"": [], ""optional_parameters"": [], ""method"": ""GET""}"
9730	"{""category_name"": ""News_Media"", ""tool_name"": ""getMedia"", ""api_name"": ""get media"", ""api_description"": ""Get Media"", ""required_parameters"": [], ""optional_parameters"": [{""name"": ""title"", ""type"": ""STRING"", ""description"": """", ""default"": """"}], ""method"": ""GET""}"
9730	"{""category_name"": ""News_Media"", ""tool_name"": ""getMedia"", ""api_name"": ""get media"", ""api_description"": ""Get Media"", ""required_parameters"": [], ""optional_parameters"": [{""name"": ""title"", ""type"": ""STRING"", ""description"": """", ""default"": """"}], ""method"": ""GET""}"
9730	"{""category_name"": ""News_Media"", ""tool_name"": ""getMedia"", ""api_name"": ""get media"", ""api_description"": ""Get Media"", ""required_parameters"": [], ""optional_parameters"": [{""name"": ""title"", ""type"": ""STRING"", ""description"": """", ""default"": """"}], ""method"": ""GET""}"
7643	"{""category_name"": ""eCommerce"", ""tool_name"": ""Real-Time Amazon Data"", ""api_name"": ""Search"", ""api_description"": ""Search for products offers on Amazon."", ""required_parameters"": [{""name"": ""query"", ""type"": ""STRING"", ""description"": ""Search query. Supports both free-form text queries or a product asin."", ""default"": ""Phone""}], ""optional_parameters"": [{""name"": ""min_price"", ""type"": ""NUMBER"", ""description"": ""Only return product offers with price greater than a certain value. Specified in the currency of the selected country. For example, in case country=US, a value of *105.34* means *$105.34*."", ""default"": """"}, {""name"": ""brand"", ""type"": ""STRING"", ""description"": ""Find products with a specific brand. Multiple brands can be specified as a comma (,) separated list. The brand values can be seen from Amazon's search left filters panel, as seen [here](https://www.amazon.com/s?k=phone).\n\n**e.g.** `SAMSUNG`\n**e.g.** `Google,Apple`"", ""default"": """"}, {""name"": ""max_price"", ""type"": ""NUMBER"", ""description"": ""Only return product offers with price lower than a certain value. Specified in the currency of the selected country. For example, in case country=US, a value of *105.34* means *$105.34*."", ""default"": """"}, {""name"": ""page"", ""type"": ""STRING"", ""description"": ""Results page to return.\n\n**Default:** `1`"", ""default"": ""1""}, {""name"": ""country"", ""type"": ""STRING"", ""description"": ""Sets the marketplace country, language and currency. \n\n**Default:** `US`\n\n**Allowed values:**  `US, AU, BR, CA, CN, FR, DE, IN, IT, MX, NL, SG, ES, TR, AE, GB, JP`\n"", ""default"": ""US""}, {""name"": ""category_id"", ""type"": ""STRING"", ""description"": ""Find products in a specific category / department. Use the **Product Category List** endpoint to get a list of valid categories and their ids for the country specified in the request.\n\n**Default:** `aps` (All Departments)"", ""default"": ""aps""}, {""name"": ""sort_by"", ""type"": ""ENUM"", ""description"": ""Return the results in a specific sort order.\n\n**Default:** `RELEVANCE`\n\n**Allowed values:** `RELEVANCE, LOWEST_PRICE, HIGHEST_PRICE, REVIEWS, NEWEST`\n"", ""default"": """"}], ""method"": ""GET"", ""template_response"": {""message"": ""str""}}"
7643	"{""category_name"": ""eCommerce"", ""tool_name"": ""Real-Time Amazon Data"", ""api_name"": ""Search"", ""api_description"": ""Search for products offers on Amazon."", ""required_parameters"": [{""name"": ""query"", ""type"": ""STRING"", ""description"": ""Search query. Supports both free-form text queries or a product asin."", ""default"": ""Phone""}], ""optional_parameters"": [{""name"": ""min_price"", ""type"": ""NUMBER"", ""description"": ""Only return product offers with price greater than a certain value. Specified in the currency of the selected country. For example, in case country=US, a value of *105.34* means *$105.34*."", ""default"": """"}, {""name"": ""brand"", ""type"": ""STRING"", ""description"": ""Find products with a specific brand. Multiple brands can be specified as a comma (,) separated list. The brand values can be seen from Amazon's search left filters panel, as seen [here](https://www.amazon.com/s?k=phone).\n\n**e.g.** `SAMSUNG`\n**e.g.** `Google,Apple`"", ""default"": """"}, {""name"": ""max_price"", ""type"": ""NUMBER"", ""description"": ""Only return product offers with price lower than a certain value. Specified in the currency of the selected country. For example, in case country=US, a value of *105.34* means *$105.34*."", ""default"": """"}, {""name"": ""page"", ""type"": ""STRING"", ""description"": ""Results page to return.\n\n**Default:** `1`"", ""default"": ""1""}, {""name"": ""country"", ""type"": ""STRING"", ""description"": ""Sets the marketplace country, language and currency. \n\n**Default:** `US`\n\n**Allowed values:**  `US, AU, BR, CA, CN, FR, DE, IN, IT, MX, NL, SG, ES, TR, AE, GB, JP`\n"", ""default"": ""US""}, {""name"": ""category_id"", ""type"": ""STRING"", ""description"": ""Find products in a specific category / department. Use the **Product Category List** endpoint to get a list of valid categories and their ids for the country specified in the request.\n\n**Default:** `aps` (All Departments)"", ""default"": ""aps""}, {""name"": ""sort_by"", ""type"": ""ENUM"", ""description"": ""Return the results in a specific sort order.\n\n**Default:** `RELEVANCE`\n\n**Allowed values:** `RELEVANCE, LOWEST_PRICE, HIGHEST_PRICE, REVIEWS, NEWEST`\n"", ""default"": """"}], ""method"": ""GET"", ""template_response"": {""message"": ""str""}}"
7643	"{""category_name"": ""eCommerce"", ""tool_name"": ""Real-Time Amazon Data"", ""api_name"": ""Search"", ""api_description"": ""Search for products offers on Amazon."", ""required_parameters"": [{""name"": ""query"", ""type"": ""STRING"", ""description"": ""Search query. Supports both free-form text queries or a product asin."", ""default"": ""Phone""}], ""optional_parameters"": [{""name"": ""min_price"", ""type"": ""NUMBER"", ""description"": ""Only return product offers with price greater than a certain value. Specified in the currency of the selected country. For example, in case country=US, a value of *105.34* means *$105.34*."", ""default"": """"}, {""name"": ""brand"", ""type"": ""STRING"", ""description"": ""Find products with a specific brand. Multiple brands can be specified as a comma (,) separated list. The brand values can be seen from Amazon's search left filters panel, as seen [here](https://www.amazon.com/s?k=phone).\n\n**e.g.** `SAMSUNG`\n**e.g.** `Google,Apple`"", ""default"": """"}, {""name"": ""max_price"", ""type"": ""NUMBER"", ""description"": ""Only return product offers with price lower than a certain value. Specified in the currency of the selected country. For example, in case country=US, a value of *105.34* means *$105.34*."", ""default"": """"}, {""name"": ""page"", ""type"": ""STRING"", ""description"": ""Results page to return.\n\n**Default:** `1`"", ""default"": ""1""}, {""name"": ""country"", ""type"": ""STRING"", ""description"": ""Sets the marketplace country, language and currency. \n\n**Default:** `US`\n\n**Allowed values:**  `US, AU, BR, CA, CN, FR, DE, IN, IT, MX, NL, SG, ES, TR, AE, GB, JP`\n"", ""default"": ""US""}, {""name"": ""category_id"", ""type"": ""STRING"", ""description"": ""Find products in a specific category / department. Use the **Product Category List** endpoint to get a list of valid categories and their ids for the country specified in the request.\n\n**Default:** `aps` (All Departments)"", ""default"": ""aps""}, {""name"": ""sort_by"", ""type"": ""ENUM"", ""description"": ""Return the results in a specific sort order.\n\n**Default:** `RELEVANCE`\n\n**Allowed values:** `RELEVANCE, LOWEST_PRICE, HIGHEST_PRICE, REVIEWS, NEWEST`\n"", ""default"": """"}], ""method"": ""GET"", ""template_response"": {""message"": ""str""}}"
7643	"{""category_name"": ""eCommerce"", ""tool_name"": ""Real-Time Amazon Data"", ""api_name"": ""Search"", ""api_description"": ""Search for products offers on Amazon."", ""required_parameters"": [{""name"": ""query"", ""type"": ""STRING"", ""description"": ""Search query. Supports both free-form text queries or a product asin."", ""default"": ""Phone""}], ""optional_parameters"": [{""name"": ""min_price"", ""type"": ""NUMBER"", ""description"": ""Only return product offers with price greater than a certain value. Specified in the currency of the selected country. For example, in case country=US, a value of *105.34* means *$105.34*."", ""default"": """"}, {""name"": ""brand"", ""type"": ""STRING"", ""description"": ""Find products with a specific brand. Multiple brands can be specified as a comma (,) separated list. The brand values can be seen from Amazon's search left filters panel, as seen [here](https://www.amazon.com/s?k=phone).\n\n**e.g.** `SAMSUNG`\n**e.g.** `Google,Apple`"", ""default"": """"}, {""name"": ""max_price"", ""type"": ""NUMBER"", ""description"": ""Only return product offers with price lower than a certain value. Specified in the currency of the selected country. For example, in case country=US, a value of *105.34* means *$105.34*."", ""default"": """"}, {""name"": ""page"", ""type"": ""STRING"", ""description"": ""Results page to return.\n\n**Default:** `1`"", ""default"": ""1""}, {""name"": ""country"", ""type"": ""STRING"", ""description"": ""Sets the marketplace country, language and currency. \n\n**Default:** `US`\n\n**Allowed values:**  `US, AU, BR, CA, CN, FR, DE, IN, IT, MX, NL, SG, ES, TR, AE, GB, JP`\n"", ""default"": ""US""}, {""name"": ""category_id"", ""type"": ""STRING"", ""description"": ""Find products in a specific category / department. Use the **Product Category List** endpoint to get a list of valid categories and their ids for the country specified in the request.\n\n**Default:** `aps` (All Departments)"", ""default"": ""aps""}, {""name"": ""sort_by"", ""type"": ""ENUM"", ""description"": ""Return the results in a specific sort order.\n\n**Default:** `RELEVANCE`\n\n**Allowed values:** `RELEVANCE, LOWEST_PRICE, HIGHEST_PRICE, REVIEWS, NEWEST`\n"", ""default"": """"}], ""method"": ""GET"", ""template_response"": {""message"": ""str""}}"
7643	"{""category_name"": ""eCommerce"", ""tool_name"": ""Real-Time Amazon Data"", ""api_name"": ""Search"", ""api_description"": ""Search for products offers on Amazon."", ""required_parameters"": [{""name"": ""query"", ""type"": ""STRING"", ""description"": ""Search query. Supports both free-form text queries or a product asin."", ""default"": ""Phone""}], ""optional_parameters"": [{""name"": ""min_price"", ""type"": ""NUMBER"", ""description"": ""Only return product offers with price greater than a certain value. Specified in the currency of the selected country. For example, in case country=US, a value of *105.34* means *$105.34*."", ""default"": """"}, {""name"": ""brand"", ""type"": ""STRING"", ""description"": ""Find products with a specific brand. Multiple brands can be specified as a comma (,) separated list. The brand values can be seen from Amazon's search left filters panel, as seen [here](https://www.amazon.com/s?k=phone).\n\n**e.g.** `SAMSUNG`\n**e.g.** `Google,Apple`"", ""default"": """"}, {""name"": ""max_price"", ""type"": ""NUMBER"", ""description"": ""Only return product offers with price lower than a certain value. Specified in the currency of the selected country. For example, in case country=US, a value of *105.34* means *$105.34*."", ""default"": """"}, {""name"": ""page"", ""type"": ""STRING"", ""description"": ""Results page to return.\n\n**Default:** `1`"", ""default"": ""1""}, {""name"": ""country"", ""type"": ""STRING"", ""description"": ""Sets the marketplace country, language and currency. \n\n**Default:** `US`\n\n**Allowed values:**  `US, AU, BR, CA, CN, FR, DE, IN, IT, MX, NL, SG, ES, TR, AE, GB, JP`\n"", ""default"": ""US""}, {""name"": ""category_id"", ""type"": ""STRING"", ""description"": ""Find products in a specific category / department. Use the **Product Category List** endpoint to get a list of valid categories and their ids for the country specified in the request.\n\n**Default:** `aps` (All Departments)"", ""default"": ""aps""}, {""name"": ""sort_by"", ""type"": ""ENUM"", ""description"": ""Return the results in a specific sort order.\n\n**Default:** `RELEVANCE`\n\n**Allowed values:** `RELEVANCE, LOWEST_PRICE, HIGHEST_PRICE, REVIEWS, NEWEST`\n"", ""default"": """"}], ""method"": ""GET"", ""template_response"": {""message"": ""str""}}"
